{
    "m1": {
        "nfunc": 600,
        "ndens": 2,
        "energy_rmse(eV/atom)": [
            0.0030077965123450063,
            0.0025852756509638997,
            0.0026665592456243696,
            0.00302279848281991,
            0.0026479153170075897
        ],
        "force_rmse(eV/Angstrom)": [
            0.3063740102345724,
            0.30746116394127254,
            0.30471833410453714,
            0.31004663679728645,
            0.29688233182818735
        ]
    },
    "m2": {
        "nfunc": 600,
        "ndens": 4,
        "energy_rmse(eV/atom)": [
            0.002058650999040112,
            0.0021995820772307303,
            0.001987244117785899,
            0.0032267419921576325,
            0.0022753168024731945
        ],
        "force_rmse(eV/Angstrom)": [
            0.29672604310345446,
            0.28388738708709793,
            0.27996404958672816,
            0.3054702691632798,
            0.31238563419338433
        ]
    },
    "m3": {
        "nfunc": 600,
        "ndens": 6,
        "energy_rmse(eV/atom)": [
            0.001909393444090266,
            0.002897488681369705,
            0.0021286288131677445,
            0.002324869051297083,
            0.00275444437338782
        ],
        "force_rmse(eV/Angstrom)": [
            0.2518096772880926,
            0.27354457693507334,
            0.2581313253782126,
            0.259170435535709,
            0.29572695680628514
        ]
    },
    "m4": {
        "nfunc": 900,
        "ndens": 2,
        "energy_rmse(eV/atom)": [
            0.0027155737542112757,
            0.002622184722803181,
            0.0027439661193158207,
            0.0027176068162383126,
            0.002706013038190411
        ],
        "force_rmse(eV/Angstrom)": [
            0.2902130568052212,
            0.2729809241050207,
            0.28348908479721313,
            0.2818833062729929,
            0.2801946456208907
        ]
    },
    "m5": {
        "nfunc": 900,
        "ndens": 4,
        "energy_rmse(eV/atom)": [
            0.0029477863315029093,
            0.002417387113042774,
            0.002786337753863721,
            0.002287761347607587,
            0.0022492611452011933
        ],
        "force_rmse(eV/Angstrom)": [
            0.26121171319255737,
            0.2551113155740514,
            0.2485623684130113,
            0.2998687465868588,
            0.25071324284318286
        ]
    },
    "m6": {
        "nfunc": 1200,
        "ndens": 2,
        "energy_rmse(eV/atom)": [
            0.0020164849463916324,
            0.0026437749331151067,
            0.0021171218665123445,
            0.0020168172812260014,
            0.002098543344102217
        ],
        "force_rmse(eV/Angstrom)": [
            0.2521521222498128,
            0.24792482071473212,
            0.24622432457078158,
            0.24019744004744642,
            0.24615810539805233
        ]
    }
}