{
    "energy_errors(meV/atom)": {
        "gap": [
            19.43675421190793,
            9.57553665793912,
            8.976203306949747,
            7.033820563371878,
            3.44933749870288,
            5.092783817314389,
            3.1842813493403717
        ],
        "ace": [
            1.6613141872651715,
            1.588772080340806,
            1.417155705686472,
            1.2490121906640306
        ]
    },
    "force_errors(eV/Angstrom)": {
        "gap": [
            0.9189448427643857,
            0.4066080866346515,
            0.46275280601660207,
            0.36142062808339426,
            0.20404650496648122,
            0.31762189862830326,
            0.22897958397196752
        ],
        "ace": [
            0.21102031841252986,
            0.21318822964780185,
            0.21283270260067905,
            0.21479760366235134
        ]
    }
}